,CountryName,CountryCode,Date,School closing,Stay at home requirements,ConfirmedCases,ConfirmedDeaths,StringencyIndex,Continent_Name
13041,China,CHN,2020-03-01,3,3,79929.0,2872.0,78.1,Asia
13042,China,CHN,2020-03-02,3,3,80134.0,2914.0,78.1,Asia
13043,China,CHN,2020-03-03,3,3,80261.0,2946.0,78.1,Asia
13044,China,CHN,2020-03-04,3,3,80380.0,2983.0,78.1,Asia
13045,China,CHN,2020-03-05,3,3,80497.0,3014.0,78.1,Asia
13046,China,CHN,2020-03-06,3,3,80667.0,3044.0,78.1,Asia
13047,China,CHN,2020-03-07,3,3,80768.0,3072.0,78.1,Asia
13048,China,CHN,2020-03-08,3,3,80814.0,3099.0,78.1,Asia
13049,China,CHN,2020-03-09,3,3,80859.0,3122.0,78.1,Asia
13050,China,CHN,2020-03-10,3,3,80879.0,3139.0,78.1,Asia
13051,China,CHN,2020-03-11,3,3,80908.0,3161.0,78.1,Asia
13052,China,CHN,2020-03-12,3,3,80932.0,3172.0,78.1,Asia
13053,China,CHN,2020-03-13,3,3,80954.0,3179.0,78.1,Asia
13054,China,CHN,2020-03-14,3,3,80973.0,3194.0,78.1,Asia
13055,China,CHN,2020-03-15,3,3,80995.0,3203.0,78.1,Asia
13056,China,CHN,2020-03-16,3,3,81020.0,3216.0,74.52,Asia
13057,China,CHN,2020-03-17,3,3,81063.0,3225.0,74.52,Asia
13058,China,CHN,2020-03-18,3,3,81086.0,3241.0,74.52,Asia
13059,China,CHN,2020-03-19,3,3,81130.0,3249.0,74.52,Asia
13060,China,CHN,2020-03-20,3,3,81229.0,3253.0,74.52,Asia
13061,China,CHN,2020-03-21,3,3,81281.0,3259.0,74.52,Asia
13062,China,CHN,2020-03-22,3,3,81346.0,3265.0,74.52,Asia
13063,China,CHN,2020-03-23,3,3,81484.0,3274.0,74.52,Asia
13064,China,CHN,2020-03-24,3,3,81553.0,3281.0,74.52,Asia
13065,China,CHN,2020-03-25,3,3,81631.0,3285.0,74.52,Asia
13066,China,CHN,2020-03-26,3,3,81733.0,3291.0,78.1,Asia
13067,China,CHN,2020-03-27,3,3,81827.0,3296.0,78.1,Asia
13068,China,CHN,2020-03-28,3,3,81946.0,3299.0,68.57,Asia
13069,China,CHN,2020-03-29,3,3,82059.0,3304.0,68.57,Asia
13070,China,CHN,2020-03-30,3,3,82157.0,3306.0,68.57,Asia
13071,China,CHN,2020-03-31,3,3,82241.0,3309.0,68.57,Asia
13072,China,CHN,2020-04-01,3,3,82295.0,3310.0,68.57,Asia
13073,China,CHN,2020-04-02,3,3,82395.0,3316.0,68.57,Asia
13074,China,CHN,2020-04-03,3,3,82465.0,3326.0,65.0,Asia
13075,China,CHN,2020-04-04,3,3,82527.0,3330.0,65.0,Asia
13076,China,CHN,2020-04-05,3,3,82575.0,3333.0,65.0,Asia
13077,China,CHN,2020-04-06,3,3,82642.0,3335.0,65.0,Asia
13078,China,CHN,2020-04-07,3,3,82698.0,3335.0,65.0,Asia
5472,China,CHN,2020-04-08,3,1,82784.0,3337.0,59.05,Asia
5473,China,CHN,2020-04-09,3,1,82870.0,3339.0,59.05,Asia
5474,China,CHN,2020-04-10,3,1,82925.0,3340.0,59.05,Asia
5475,China,CHN,2020-04-11,3,1,83004.0,3343.0,59.05,Asia
5476,China,CHN,2020-04-12,3,1,83097.0,3343.0,59.05,Asia
5477,China,CHN,2020-04-13,3,1,83209.0,3345.0,59.05,Asia
5478,China,CHN,2020-04-14,3,1,83303.0,3345.0,59.05,Asia
5479,China,CHN,2020-04-15,3,1,83352.0,3346.0,59.05,Asia
5480,China,CHN,2020-04-16,3,1,83402.0,3346.0,59.05,Asia
5481,China,CHN,2020-04-17,3,1,83754.0,4636.0,59.05,Asia
5482,China,CHN,2020-04-18,3,1,83785.0,4636.0,59.05,Asia
5483,China,CHN,2020-04-19,3,1,83803.0,4636.0,59.05,Asia
5484,China,CHN,2020-04-20,3,1,83817.0,4636.0,59.05,Asia
5485,China,CHN,2020-04-21,3,1,83849.0,4636.0,59.05,Asia
5486,China,CHN,2020-04-22,3,1,83864.0,4636.0,59.05,Asia
5487,China,CHN,2020-04-23,3,1,83876.0,4636.0,59.05,Asia
5488,China,CHN,2020-04-24,3,1,83884.0,4636.0,59.05,Asia
5489,China,CHN,2020-04-25,3,1,83899.0,4636.0,59.05,Asia
5490,China,CHN,2020-04-26,3,1,83909.0,4636.0,59.05,Asia
5491,China,CHN,2020-04-27,3,1,83912.0,4637.0,59.05,Asia
5492,China,CHN,2020-04-28,3,1,83938.0,4637.0,59.05,Asia
5493,China,CHN,2020-04-29,3,1,83940.0,4637.0,59.05,Asia
5494,China,CHN,2020-04-30,3,1,83944.0,4637.0,59.05,Asia
5495,China,CHN,2020-05-01,3,1,83956.0,4637.0,59.05,Asia
5496,China,CHN,2020-05-02,3,1,83959.0,4637.0,59.05,Asia
5497,China,CHN,2020-05-03,3,1,83961.0,4637.0,59.05,Asia
5498,China,CHN,2020-05-04,3,1,83964.0,4637.0,59.05,Asia
5499,China,CHN,2020-05-05,3,1,83966.0,4637.0,59.05,Asia
5500,China,CHN,2020-05-06,3,1,83968.0,4637.0,59.05,Asia
5501,China,CHN,2020-05-07,3,1,83970.0,4637.0,59.05,Asia
5502,China,CHN,2020-05-08,3,1,83976.0,4637.0,59.05,Asia
5503,China,CHN,2020-05-09,3,1,83976.0,4637.0,59.05,Asia
13079,China,CHN,2020-05-10,3,3,83991.0,4637.0,78.1,Asia
13080,China,CHN,2020-05-11,3,3,84010.0,4637.0,78.1,Asia
13081,China,CHN,2020-05-12,3,3,84011.0,4637.0,78.1,Asia
13082,China,CHN,2020-05-13,3,3,84018.0,4637.0,78.1,Asia
13083,China,CHN,2020-05-14,3,3,84024.0,4637.0,78.1,Asia
13084,China,CHN,2020-05-15,3,3,84029.0,4637.0,78.1,Asia
13085,China,CHN,2020-05-16,3,3,84038.0,4637.0,78.1,Asia
13086,China,CHN,2020-05-17,3,3,84044.0,4638.0,78.1,Asia
13087,China,CHN,2020-05-18,3,3,84054.0,4638.0,78.1,Asia
13088,China,CHN,2020-05-19,3,3,84063.0,4638.0,78.1,Asia
13089,China,CHN,2020-05-20,3,3,84065.0,4638.0,78.1,Asia
1738,United Kingdom,GBR,2020-03-01,0,0,23.0,0.0,14.29,Europe
1739,United Kingdom,GBR,2020-03-02,0,0,36.0,0.0,14.29,Europe
1740,United Kingdom,GBR,2020-03-03,0,0,40.0,0.0,14.29,Europe
1741,United Kingdom,GBR,2020-03-04,0,0,51.0,0.0,14.29,Europe
1742,United Kingdom,GBR,2020-03-05,0,0,85.0,0.0,14.29,Europe
1743,United Kingdom,GBR,2020-03-06,0,0,115.0,0.0,14.29,Europe
1744,United Kingdom,GBR,2020-03-07,0,0,163.0,1.0,14.29,Europe
1745,United Kingdom,GBR,2020-03-08,0,0,206.0,2.0,14.29,Europe
1746,United Kingdom,GBR,2020-03-09,0,0,273.0,2.0,14.29,Europe
1747,United Kingdom,GBR,2020-03-10,0,0,321.0,3.0,14.29,Europe
1748,United Kingdom,GBR,2020-03-11,0,0,373.0,7.0,14.29,Europe
1749,United Kingdom,GBR,2020-03-12,0,0,456.0,7.0,14.29,Europe
1750,United Kingdom,GBR,2020-03-13,0,0,590.0,9.0,14.29,Europe
1751,United Kingdom,GBR,2020-03-14,0,0,707.0,10.0,14.29,Europe
1752,United Kingdom,GBR,2020-03-15,0,0,1140.0,28.0,14.29,Europe
1753,United Kingdom,GBR,2020-03-16,0,0,1391.0,43.0,21.43,Europe
1754,United Kingdom,GBR,2020-03-17,0,0,1543.0,65.0,30.95,Europe
1755,United Kingdom,GBR,2020-03-18,0,0,1950.0,81.0,30.95,Europe
1756,United Kingdom,GBR,2020-03-19,0,0,2630.0,115.0,30.95,Europe
1757,United Kingdom,GBR,2020-03-20,0,0,3277.0,158.0,30.95,Europe
1758,United Kingdom,GBR,2020-03-21,0,0,3983.0,194.0,39.29,Europe
1759,United Kingdom,GBR,2020-03-22,0,0,5018.0,250.0,48.81,Europe
9593,United Kingdom,GBR,2020-03-23,3,2,5683.0,285.0,67.86,Europe
9594,United Kingdom,GBR,2020-03-24,3,2,6650.0,359.0,67.86,Europe
9595,United Kingdom,GBR,2020-03-25,3,2,8077.0,508.0,67.86,Europe
9596,United Kingdom,GBR,2020-03-26,3,2,9529.0,694.0,77.38,Europe
9597,United Kingdom,GBR,2020-03-27,3,2,11658.0,877.0,77.38,Europe
9598,United Kingdom,GBR,2020-03-28,3,2,14543.0,1161.0,77.38,Europe
9599,United Kingdom,GBR,2020-03-29,3,2,17089.0,1455.0,77.38,Europe
9600,United Kingdom,GBR,2020-03-30,3,2,19522.0,1669.0,77.38,Europe
9601,United Kingdom,GBR,2020-03-31,3,2,22141.0,2043.0,77.38,Europe
9602,United Kingdom,GBR,2020-04-01,3,2,25150.0,2425.0,77.38,Europe
9603,United Kingdom,GBR,2020-04-02,3,2,29474.0,3095.0,77.38,Europe
9604,United Kingdom,GBR,2020-04-03,3,2,33718.0,3747.0,77.38,Europe
9605,United Kingdom,GBR,2020-04-04,3,2,38168.0,4461.0,77.38,Europe
9606,United Kingdom,GBR,2020-04-05,3,2,41903.0,5221.0,77.38,Europe
9607,United Kingdom,GBR,2020-04-06,3,2,47806.0,5865.0,77.38,Europe
9608,United Kingdom,GBR,2020-04-07,3,2,51608.0,6433.0,77.38,Europe
9609,United Kingdom,GBR,2020-04-08,3,2,55242.0,7471.0,77.38,Europe
9610,United Kingdom,GBR,2020-04-09,3,2,60733.0,8505.0,77.38,Europe
9611,United Kingdom,GBR,2020-04-10,3,2,65077.0,9608.0,77.38,Europe
9612,United Kingdom,GBR,2020-04-11,3,2,70272.0,10760.0,77.38,Europe
9613,United Kingdom,GBR,2020-04-12,3,2,78991.0,11599.0,77.38,Europe
9614,United Kingdom,GBR,2020-04-13,3,2,84279.0,12285.0,77.38,Europe
9615,United Kingdom,GBR,2020-04-14,3,2,88621.0,13029.0,77.38,Europe
9616,United Kingdom,GBR,2020-04-15,3,2,93873.0,14073.0,77.38,Europe
9617,United Kingdom,GBR,2020-04-16,3,2,98476.0,14915.0,77.38,Europe
9618,United Kingdom,GBR,2020-04-17,3,2,103093.0,15944.0,77.38,Europe
9619,United Kingdom,GBR,2020-04-18,3,2,108692.0,16879.0,77.38,Europe
9620,United Kingdom,GBR,2020-04-19,3,2,114217.0,17994.0,77.38,Europe
9621,United Kingdom,GBR,2020-04-20,3,2,120067.0,18492.0,77.38,Europe
9622,United Kingdom,GBR,2020-04-21,3,2,124743.0,19051.0,77.38,Europe
9623,United Kingdom,GBR,2020-04-22,3,2,129044.0,20223.0,77.38,Europe
9624,United Kingdom,GBR,2020-04-23,3,2,133495.0,21060.0,77.38,Europe
9625,United Kingdom,GBR,2020-04-24,3,2,138078.0,21787.0,77.38,Europe
9626,United Kingdom,GBR,2020-04-25,3,2,143464.0,22792.0,77.38,Europe
9627,United Kingdom,GBR,2020-04-26,3,2,148377.0,23635.0,77.38,Europe
9628,United Kingdom,GBR,2020-04-27,3,2,152840.0,24055.0,77.38,Europe
9629,United Kingdom,GBR,2020-04-28,3,2,157149.0,24393.0,77.38,Europe
9630,United Kingdom,GBR,2020-04-29,3,2,161145.0,25302.0,77.38,Europe
9631,United Kingdom,GBR,2020-04-30,3,2,165221.0,26097.0,77.38,Europe
9632,United Kingdom,GBR,2020-05-01,3,2,171253.0,26771.0,77.38,Europe
9633,United Kingdom,GBR,2020-05-02,3,2,177454.0,27510.0,77.38,Europe
9634,United Kingdom,GBR,2020-05-03,3,2,182260.0,28131.0,77.38,Europe
9635,United Kingdom,GBR,2020-05-04,3,2,186599.0,28446.0,77.38,Europe
9636,United Kingdom,GBR,2020-05-05,3,2,190584.0,28734.0,77.38,Europe
9637,United Kingdom,GBR,2020-05-06,3,2,194990.0,29427.0,77.38,Europe
9638,United Kingdom,GBR,2020-05-07,3,2,201201.0,30076.0,77.38,Europe
9639,United Kingdom,GBR,2020-05-08,3,2,206715.0,30615.0,77.38,Europe
9640,United Kingdom,GBR,2020-05-09,3,2,211364.0,31241.0,77.38,Europe
9641,United Kingdom,GBR,2020-05-10,3,2,215260.0,31587.0,77.38,Europe
9642,United Kingdom,GBR,2020-05-11,3,2,219183.0,31855.0,77.38,Europe
9643,United Kingdom,GBR,2020-05-12,3,2,223060.0,32065.0,77.38,Europe
5960,United Kingdom,GBR,2020-05-13,3,1,226463.0,32692.0,72.62,Europe
5961,United Kingdom,GBR,2020-05-14,3,1,229705.0,33186.0,72.62,Europe
5962,United Kingdom,GBR,2020-05-15,3,1,233151.0,33614.0,72.62,Europe
5963,United Kingdom,GBR,2020-05-16,3,1,236711.0,33998.0,72.62,Europe
5964,United Kingdom,GBR,2020-05-17,3,1,240161.0,34466.0,72.62,Europe
5965,United Kingdom,GBR,2020-05-18,3,1,243695.0,34636.0,72.62,Europe
5966,United Kingdom,GBR,2020-05-19,3,1,246406.0,34796.0,72.62,Europe
5967,United Kingdom,GBR,2020-05-20,3,1,248818.0,35341.0,72.62,Europe
6370,India,IND,2020-03-01,0,1,3.0,0.0,16.67,Asia
6371,India,IND,2020-03-02,0,1,3.0,0.0,16.67,Asia
6372,India,IND,2020-03-03,0,1,5.0,0.0,16.67,Asia
6373,India,IND,2020-03-04,2,1,6.0,0.0,23.81,Asia
6374,India,IND,2020-03-05,2,1,28.0,0.0,38.1,Asia
6375,India,IND,2020-03-06,2,1,29.0,0.0,38.1,Asia
6376,India,IND,2020-03-07,2,1,31.0,0.0,38.1,Asia
6377,India,IND,2020-03-08,2,1,34.0,0.0,38.1,Asia
6378,India,IND,2020-03-09,2,1,34.0,0.0,38.1,Asia
6379,India,IND,2020-03-10,2,1,44.0,0.0,38.1,Asia
6380,India,IND,2020-03-11,2,1,50.0,0.0,38.1,Asia
6381,India,IND,2020-03-12,2,1,73.0,0.0,38.1,Asia
6382,India,IND,2020-03-13,3,1,75.0,1.0,45.24,Asia
6383,India,IND,2020-03-14,3,1,83.0,2.0,45.24,Asia
6384,India,IND,2020-03-15,3,1,90.0,2.0,48.81,Asia
6385,India,IND,2020-03-16,3,1,93.0,2.0,61.9,Asia
6386,India,IND,2020-03-17,3,1,125.0,3.0,61.9,Asia
6387,India,IND,2020-03-18,3,1,137.0,3.0,65.48,Asia
6388,India,IND,2020-03-19,3,1,165.0,3.0,67.38,Asia
6389,India,IND,2020-03-20,3,1,191.0,4.0,76.9,Asia
6390,India,IND,2020-03-21,3,1,231.0,4.0,80.48,Asia
13463,India,IND,2020-03-22,3,3,320.0,4.0,100.0,Asia
13464,India,IND,2020-03-23,3,3,439.0,7.0,85.24,Asia
13465,India,IND,2020-03-24,3,3,492.0,9.0,85.24,Asia
13466,India,IND,2020-03-25,3,3,562.0,9.0,100.0,Asia
13467,India,IND,2020-03-26,3,3,649.0,13.0,100.0,Asia
13468,India,IND,2020-03-27,3,3,724.0,17.0,100.0,Asia
13469,India,IND,2020-03-28,3,3,873.0,19.0,100.0,Asia
13470,India,IND,2020-03-29,3,3,979.0,25.0,100.0,Asia
13471,India,IND,2020-03-30,3,3,1071.0,29.0,100.0,Asia
13472,India,IND,2020-03-31,3,3,1251.0,32.0,100.0,Asia
13473,India,IND,2020-04-01,3,3,1397.0,35.0,100.0,Asia
13474,India,IND,2020-04-02,3,3,1965.0,50.0,100.0,Asia
13475,India,IND,2020-04-03,3,3,2301.0,56.0,100.0,Asia
13476,India,IND,2020-04-04,3,3,2902.0,68.0,100.0,Asia
13477,India,IND,2020-04-05,3,3,3374.0,77.0,100.0,Asia
13478,India,IND,2020-04-06,3,3,4067.0,109.0,100.0,Asia
13479,India,IND,2020-04-07,3,3,4421.0,114.0,100.0,Asia
13480,India,IND,2020-04-08,3,3,5194.0,149.0,100.0,Asia
13481,India,IND,2020-04-09,3,3,5734.0,166.0,100.0,Asia
13482,India,IND,2020-04-10,3,3,6412.0,199.0,100.0,Asia
13483,India,IND,2020-04-11,3,3,7447.0,239.0,100.0,Asia
13484,India,IND,2020-04-12,3,3,8356.0,273.0,100.0,Asia
13485,India,IND,2020-04-13,3,3,9152.0,308.0,100.0,Asia
13486,India,IND,2020-04-14,3,3,10363.0,339.0,100.0,Asia
13487,India,IND,2020-04-15,3,3,11438.0,377.0,100.0,Asia
13488,India,IND,2020-04-16,3,3,12380.0,414.0,100.0,Asia
13489,India,IND,2020-04-17,3,3,13387.0,437.0,100.0,Asia
13490,India,IND,2020-04-18,3,3,14378.0,480.0,100.0,Asia
13491,India,IND,2020-04-19,3,3,15712.0,507.0,100.0,Asia
13492,India,IND,2020-04-20,3,3,17265.0,543.0,96.43,Asia
13493,India,IND,2020-04-21,3,3,18600.0,590.0,96.43,Asia
13494,India,IND,2020-04-22,3,3,19984.0,640.0,96.43,Asia
13495,India,IND,2020-04-23,3,3,21393.0,681.0,96.43,Asia
13496,India,IND,2020-04-24,3,3,23077.0,718.0,96.43,Asia
13497,India,IND,2020-04-25,3,3,24506.0,775.0,96.43,Asia
13498,India,IND,2020-04-26,3,3,26496.0,824.0,96.43,Asia
13499,India,IND,2020-04-27,3,3,27892.0,872.0,96.43,Asia
13500,India,IND,2020-04-28,3,3,29435.0,934.0,96.43,Asia
13501,India,IND,2020-04-29,3,3,31332.0,1007.0,96.43,Asia
13502,India,IND,2020-04-30,3,3,33050.0,1074.0,96.43,Asia
13503,India,IND,2020-05-01,3,3,35043.0,1147.0,96.43,Asia
13504,India,IND,2020-05-02,3,3,37336.0,1218.0,96.43,Asia
13505,India,IND,2020-05-03,3,3,39980.0,1301.0,96.43,Asia
10041,India,IND,2020-05-04,3,2,42533.0,1373.0,83.33,Asia
10042,India,IND,2020-05-05,3,2,46433.0,1568.0,83.33,Asia
10043,India,IND,2020-05-06,3,2,49391.0,1694.0,83.33,Asia
10044,India,IND,2020-05-07,3,2,52952.0,1783.0,83.33,Asia
10045,India,IND,2020-05-08,3,2,56342.0,1886.0,83.33,Asia
10046,India,IND,2020-05-09,3,2,59662.0,1981.0,83.33,Asia
10047,India,IND,2020-05-10,3,2,62939.0,2109.0,83.33,Asia
10048,India,IND,2020-05-11,3,2,67152.0,2206.0,83.33,Asia
10049,India,IND,2020-05-12,3,2,70756.0,2293.0,83.33,Asia
10050,India,IND,2020-05-13,3,2,74281.0,2415.0,83.33,Asia
10051,India,IND,2020-05-14,3,2,78003.0,2549.0,83.33,Asia
10052,India,IND,2020-05-15,3,2,81970.0,2649.0,83.33,Asia
10053,India,IND,2020-05-16,3,2,85940.0,2752.0,83.33,Asia
10054,India,IND,2020-05-17,3,2,90927.0,2872.0,83.33,Asia
10055,India,IND,2020-05-18,3,2,96169.0,3029.0,79.76,Asia
10056,India,IND,2020-05-19,3,2,101139.0,3163.0,79.76,Asia
10057,India,IND,2020-05-20,3,2,106750.0,3303.0,79.76,Asia
10229,Italy,ITA,2020-03-01,3,2,1128.0,29.0,67.38,Europe
10230,Italy,ITA,2020-03-02,3,2,1689.0,35.0,67.38,Europe
10231,Italy,ITA,2020-03-03,3,2,2036.0,52.0,67.38,Europe
10232,Italy,ITA,2020-03-04,3,2,2502.0,80.0,73.81,Europe
10233,Italy,ITA,2020-03-05,3,2,3089.0,107.0,73.81,Europe
10234,Italy,ITA,2020-03-06,3,2,3858.0,148.0,73.81,Europe
10235,Italy,ITA,2020-03-07,3,2,4636.0,197.0,73.81,Europe
10236,Italy,ITA,2020-03-08,3,2,5883.0,233.0,73.81,Europe
10237,Italy,ITA,2020-03-09,3,2,7375.0,366.0,73.81,Europe
10238,Italy,ITA,2020-03-10,3,2,9172.0,464.0,82.14,Europe
10239,Italy,ITA,2020-03-11,3,2,10149.0,631.0,86.9,Europe
10240,Italy,ITA,2020-03-12,3,2,12462.0,827.0,86.9,Europe
10241,Italy,ITA,2020-03-13,3,2,15113.0,1016.0,86.9,Europe
10242,Italy,ITA,2020-03-14,3,2,17660.0,1268.0,86.9,Europe
10243,Italy,ITA,2020-03-15,3,2,21157.0,1441.0,86.9,Europe
10244,Italy,ITA,2020-03-16,3,2,23980.0,1811.0,86.9,Europe
10245,Italy,ITA,2020-03-17,3,2,27980.0,2158.0,86.9,Europe
10246,Italy,ITA,2020-03-18,3,2,31506.0,2505.0,86.9,Europe
10247,Italy,ITA,2020-03-19,3,2,35713.0,2978.0,86.9,Europe
13517,Italy,ITA,2020-03-20,3,3,41035.0,3407.0,91.67,Europe
13518,Italy,ITA,2020-03-21,3,3,47021.0,4032.0,91.67,Europe
13519,Italy,ITA,2020-03-22,3,3,53578.0,4827.0,91.67,Europe
13520,Italy,ITA,2020-03-23,3,3,59138.0,5476.0,91.67,Europe
13521,Italy,ITA,2020-03-24,3,3,63927.0,6077.0,91.67,Europe
13522,Italy,ITA,2020-03-25,3,3,69176.0,6820.0,91.67,Europe
13523,Italy,ITA,2020-03-26,3,3,74386.0,7505.0,91.67,Europe
13524,Italy,ITA,2020-03-27,3,3,80539.0,8165.0,91.67,Europe
13525,Italy,ITA,2020-03-28,3,3,86498.0,9136.0,91.67,Europe
13526,Italy,ITA,2020-03-29,3,3,92472.0,10023.0,91.67,Europe
13527,Italy,ITA,2020-03-30,3,3,97689.0,10781.0,91.67,Europe
13528,Italy,ITA,2020-03-31,3,3,101739.0,11591.0,91.67,Europe
13529,Italy,ITA,2020-04-01,3,3,105792.0,12430.0,91.67,Europe
13530,Italy,ITA,2020-04-02,3,3,110574.0,13157.0,91.67,Europe
13531,Italy,ITA,2020-04-03,3,3,115242.0,13917.0,91.67,Europe
13532,Italy,ITA,2020-04-04,3,3,119827.0,14681.0,91.67,Europe
13533,Italy,ITA,2020-04-05,3,3,124632.0,15362.0,91.67,Europe
13534,Italy,ITA,2020-04-06,3,3,128948.0,15889.0,91.67,Europe
13535,Italy,ITA,2020-04-07,3,3,132547.0,16525.0,91.67,Europe
13536,Italy,ITA,2020-04-08,3,3,135586.0,17129.0,91.67,Europe
13537,Italy,ITA,2020-04-09,3,3,139422.0,17669.0,91.67,Europe
10248,Italy,ITA,2020-04-10,3,2,143626.0,18281.0,91.67,Europe
10249,Italy,ITA,2020-04-11,3,2,147577.0,18851.0,91.67,Europe
10250,Italy,ITA,2020-04-12,3,2,152271.0,19470.0,96.43,Europe
10251,Italy,ITA,2020-04-13,3,2,156363.0,19901.0,96.43,Europe
10252,Italy,ITA,2020-04-14,3,2,159516.0,20465.0,96.43,Europe
10253,Italy,ITA,2020-04-15,3,2,162488.0,21069.0,96.43,Europe
10254,Italy,ITA,2020-04-16,3,2,165155.0,21647.0,96.43,Europe
10255,Italy,ITA,2020-04-17,3,2,168941.0,22172.0,96.43,Europe
10256,Italy,ITA,2020-04-18,3,2,172434.0,22747.0,96.43,Europe
10257,Italy,ITA,2020-04-19,3,2,175925.0,23227.0,96.43,Europe
10258,Italy,ITA,2020-04-20,3,2,178972.0,23660.0,96.43,Europe
10259,Italy,ITA,2020-04-21,3,2,181228.0,24114.0,96.43,Europe
10260,Italy,ITA,2020-04-22,3,2,183957.0,24648.0,96.43,Europe
10261,Italy,ITA,2020-04-23,3,2,187327.0,25085.0,96.43,Europe
10262,Italy,ITA,2020-04-24,3,2,189973.0,25549.0,96.43,Europe
10263,Italy,ITA,2020-04-25,3,2,192994.0,25969.0,96.43,Europe
10264,Italy,ITA,2020-04-26,3,2,195351.0,26384.0,96.43,Europe
10265,Italy,ITA,2020-04-27,3,2,197675.0,26644.0,96.43,Europe
10266,Italy,ITA,2020-04-28,3,2,199414.0,26977.0,96.43,Europe
10267,Italy,ITA,2020-04-29,3,2,201505.0,27359.0,96.43,Europe
10268,Italy,ITA,2020-04-30,3,2,203591.0,27682.0,96.43,Europe
10269,Italy,ITA,2020-05-01,3,2,205463.0,27967.0,96.43,Europe
10270,Italy,ITA,2020-05-02,3,2,207428.0,28236.0,96.43,Europe
10271,Italy,ITA,2020-05-03,3,2,209328.0,28710.0,96.43,Europe
6462,Italy,ITA,2020-05-04,3,1,210717.0,28884.0,66.67,Europe
6463,Italy,ITA,2020-05-05,3,1,211938.0,29079.0,66.67,Europe
6464,Italy,ITA,2020-05-06,3,1,213013.0,29315.0,66.67,Europe
6465,Italy,ITA,2020-05-07,3,1,214457.0,29684.0,66.67,Europe
6466,Italy,ITA,2020-05-08,3,1,215858.0,29958.0,66.67,Europe
6467,Italy,ITA,2020-05-09,3,1,217185.0,30201.0,66.67,Europe
6468,Italy,ITA,2020-05-10,3,1,218268.0,30395.0,66.67,Europe
6469,Italy,ITA,2020-05-11,3,1,219070.0,30560.0,66.67,Europe
6470,Italy,ITA,2020-05-12,3,1,219814.0,30739.0,66.67,Europe
6471,Italy,ITA,2020-05-13,3,1,221216.0,30911.0,66.67,Europe
6472,Italy,ITA,2020-05-14,3,1,222104.0,31106.0,66.67,Europe
6473,Italy,ITA,2020-05-15,3,1,223096.0,31368.0,66.67,Europe
6474,Italy,ITA,2020-05-16,3,1,223885.0,31610.0,70.24,Europe
6475,Italy,ITA,2020-05-17,3,1,224760.0,31763.0,70.24,Europe
6476,Italy,ITA,2020-05-18,3,1,225435.0,31908.0,78.57,Europe
6477,Italy,ITA,2020-05-19,3,1,225886.0,32007.0,78.57,Europe
6478,Italy,ITA,2020-05-20,3,1,226699.0,32169.0,78.57,Europe
4760,United States,USA,2020-03-01,0,0,69.0,1.0,11.9,North America
4761,United States,USA,2020-03-02,0,0,89.0,2.0,15.48,North America
4762,United States,USA,2020-03-03,0,0,103.0,6.0,15.48,North America
4763,United States,USA,2020-03-04,0,0,125.0,9.0,15.48,North America
4764,United States,USA,2020-03-05,3,0,159.0,11.0,26.19,North America
4765,United States,USA,2020-03-06,3,0,233.0,12.0,26.19,North America
4766,United States,USA,2020-03-07,3,0,338.0,14.0,26.19,North America
4767,United States,USA,2020-03-08,3,0,433.0,17.0,26.19,North America
4768,United States,USA,2020-03-09,3,0,554.0,21.0,26.19,North America
4769,United States,USA,2020-03-10,3,0,754.0,26.0,26.19,North America
4770,United States,USA,2020-03-11,3,0,1025.0,28.0,26.19,North America
4771,United States,USA,2020-03-12,3,0,1312.0,30.0,30.95,North America
4772,United States,USA,2020-03-13,3,0,1663.0,40.0,30.95,North America
4773,United States,USA,2020-03-14,3,0,2174.0,47.0,40.48,North America
12415,United States,USA,2020-03-15,3,2,2951.0,57.0,40.48,North America
12416,United States,USA,2020-03-16,3,2,3774.0,69.0,54.76,North America
12417,United States,USA,2020-03-17,3,2,4661.0,85.0,59.52,North America
12418,United States,USA,2020-03-18,3,2,6427.0,108.0,59.52,North America
12419,United States,USA,2020-03-19,3,2,9415.0,150.0,70.24,North America
12420,United States,USA,2020-03-20,3,2,14250.0,150.0,70.24,North America
12421,United States,USA,2020-03-21,3,2,19624.0,260.0,72.14,North America
12422,United States,USA,2020-03-22,3,2,26747.0,340.0,72.14,North America
12423,United States,USA,2020-03-23,3,2,35206.0,471.0,72.14,North America
12424,United States,USA,2020-03-24,3,2,46442.0,590.0,72.14,North America
12425,United States,USA,2020-03-25,3,2,55231.0,801.0,72.14,North America
12426,United States,USA,2020-03-26,3,2,69194.0,1050.0,72.14,North America
12427,United States,USA,2020-03-27,3,2,85991.0,1296.0,72.14,North America
12428,United States,USA,2020-03-28,3,2,104686.0,1707.0,72.14,North America
12429,United States,USA,2020-03-29,3,2,124665.0,2191.0,72.14,North America
12430,United States,USA,2020-03-30,3,2,143025.0,2509.0,72.14,North America
12431,United States,USA,2020-03-31,3,2,164620.0,3170.0,72.14,North America
12432,United States,USA,2020-04-01,3,2,189618.0,4079.0,72.14,North America
12433,United States,USA,2020-04-02,3,2,216721.0,5138.0,72.14,North America
12434,United States,USA,2020-04-03,3,2,245540.0,6053.0,72.14,North America
12435,United States,USA,2020-04-04,3,2,277965.0,7157.0,72.14,North America
12436,United States,USA,2020-04-05,3,2,312237.0,8501.0,72.14,North America
12437,United States,USA,2020-04-06,3,2,337635.0,9647.0,72.14,North America
12438,United States,USA,2020-04-07,3,2,368196.0,10989.0,72.14,North America
12439,United States,USA,2020-04-08,3,2,398809.0,12895.0,72.14,North America
12440,United States,USA,2020-04-09,3,2,432132.0,14817.0,72.14,North America
12441,United States,USA,2020-04-10,3,2,466033.0,16690.0,72.14,North America
12442,United States,USA,2020-04-11,3,2,501560.0,18777.0,72.14,North America
12443,United States,USA,2020-04-12,3,2,529951.0,20608.0,72.14,North America
12444,United States,USA,2020-04-13,3,2,557571.0,22108.0,72.14,North America
12445,United States,USA,2020-04-14,3,2,582594.0,23649.0,72.14,North America
12446,United States,USA,2020-04-15,3,2,609516.0,26057.0,72.14,North America
12447,United States,USA,2020-04-16,3,2,639664.0,30985.0,72.14,North America
12448,United States,USA,2020-04-17,3,2,671331.0,33284.0,72.14,North America
12449,United States,USA,2020-04-18,3,2,702164.0,37054.0,72.14,North America
12450,United States,USA,2020-04-19,3,2,735086.0,38910.0,72.14,North America
12451,United States,USA,2020-04-20,3,2,759687.0,40682.0,72.14,North America
12452,United States,USA,2020-04-21,3,2,787752.0,42539.0,72.14,North America
12453,United States,USA,2020-04-22,3,2,825041.0,45063.0,72.14,North America
12454,United States,USA,2020-04-23,3,2,842629.0,46784.0,72.14,North America
12455,United States,USA,2020-04-24,3,2,869172.0,49963.0,72.14,North America
12456,United States,USA,2020-04-25,3,2,890524.0,51017.0,72.14,North America
12457,United States,USA,2020-04-26,3,2,939053.0,53189.0,72.14,North America
12458,United States,USA,2020-04-27,3,2,965910.0,54876.0,72.14,North America
12459,United States,USA,2020-04-28,3,2,988451.0,56245.0,72.14,North America
12460,United States,USA,2020-04-29,3,2,1012583.0,58355.0,72.14,North America
12461,United States,USA,2020-04-30,3,2,1039909.0,60966.0,72.14,North America
12462,United States,USA,2020-05-01,3,2,1069826.0,63006.0,72.14,North America
12463,United States,USA,2020-05-02,3,2,1103781.0,65068.0,72.14,North America
12464,United States,USA,2020-05-03,3,2,1133069.0,66385.0,72.14,North America
12465,United States,USA,2020-05-04,3,2,1158041.0,67682.0,72.14,North America
12466,United States,USA,2020-05-05,3,2,1180634.0,68934.0,72.14,North America
12467,United States,USA,2020-05-06,3,2,1204475.0,71078.0,72.14,North America
12468,United States,USA,2020-05-07,3,2,1228603.0,73431.0,72.14,North America
12469,United States,USA,2020-05-08,3,2,1256972.0,75670.0,72.14,North America
12470,United States,USA,2020-05-09,3,2,1283929.0,77180.0,72.14,North America
12471,United States,USA,2020-05-10,3,2,1309541.0,78794.0,72.14,North America
12472,United States,USA,2020-05-11,3,2,1329799.0,79528.0,72.14,North America
12473,United States,USA,2020-05-12,3,2,1347916.0,80684.0,72.14,North America
12474,United States,USA,2020-05-13,3,2,1369964.0,82387.0,72.14,North America
12475,United States,USA,2020-05-14,3,2,1390746.0,84133.0,72.14,North America
12476,United States,USA,2020-05-15,3,2,1417889.0,85906.0,72.14,North America
12477,United States,USA,2020-05-16,3,2,1443397.0,87568.0,72.14,North America
12478,United States,USA,2020-05-17,3,2,1467884.0,88754.0,72.14,North America
12479,United States,USA,2020-05-18,3,2,1486757.0,89562.0,72.14,North America
12480,United States,USA,2020-05-19,3,2,1508598.0,90353.0,72.14,North America
12481,United States,USA,2020-05-20,3,2,1528568.0,91921.0,72.14,North America
